G,S,Lifetime,G 1-3,S 1-3,Lifetime 1-3,Chi^2,Total intensity,Chi^2 1-3,Total intensity 1-3,Mask label,FOV,Date,FastFLIM,FastFLIM 1-3,Int 570-590,Int 590-610,Int 610-638,Int 638-720,Int 1/(1-4),Int 2/(1-4),Int 3/(1-4),Int 4/(1-4)
0.246445714,0.464942632,3.909365389,0.000402216,2.882198882,0.243057811,0.463097697,4122877,3.923765113,4122877,1,mix,240609,4122877,2.896996189,1177636,926978,961506,1056757,0.285634522,0.224837656,0.23321239,0.256315432
0.279909697,0.473956607,3.549631564,0.002777977,2.755200248,0.276085434,0.47209764,430771,3.549800747,430771,2,mix,240609,430771,2.769531882,184633,78361,76902,90875,0.428610561,0.181908717,0.178521767,0.210958955
0.448847833,0.494011891,2.296891247,0.006334427,2.144827957,0.444639083,0.492343675,136673,2.305724792,136673,3,mix,240609,136673,2.162829059,29338,41131,35050,31154,0.214658345,0.30094459,0.25645153,0.227945534
0.244570313,0.464532355,3.933582228,0.000269246,2.888962742,0.240946494,0.463084463,9680622,3.966742245,9680622,4,mix,240609,9680622,2.903740519,2774978,2191736,2253660,2460248,0.286652862,0.22640446,0.232801157,0.254141521
0.274329328,0.471601785,3.589326983,0.002041417,2.778832854,0.271118767,0.470830587,670767,3.621702172,670767,5,mix,240609,670767,2.790342806,285749,122825,120101,142092,0.426003366,0.183111274,0.179050251,0.211835108
0.241564298,0.463535864,3.967706238,0.00032588,2.901048489,0.238368955,0.462126377,6400942,3.987360216,6400942,6,mix,240609,6400942,2.913953965,1939748,1436520,1475359,1549315,0.303041021,0.224423218,0.230490918,0.242044843
0.239186059,0.462380303,3.980897818,0.001682685,2.910023847,0.236543686,0.460927339,1161305,3.985529565,1161305,7,mix,240609,1161305,2.921433501,361817,257014,267502,274972,0.311560701,0.221314814,0.230346033,0.236778452
0.279239664,0.47499762,3.572218893,0.000844858,2.749378061,0.2759986,0.473828321,1743458,3.592459775,1743458,8,mix,240609,1743458,2.762260535,726175,323337,315100,378846,0.416514192,0.185457292,0.180732774,0.217295742
0.239196984,0.462589875,4.003727755,0.000801952,2.911567789,0.236514077,0.461313955,1249892,4.020611019,1249892,9,mix,240609,1249892,2.923018821,387318,276975,287200,298399,0.309881174,0.221599146,0.229779853,0.238739827
0.241992729,0.463925657,3.974194796,0.000393864,2.898880923,0.239365993,0.462420948,3556577,3.981558907,3556577,10,mix,240609,3556577,2.91049567,1056682,792450,825290,882155,0.297106459,0.222812553,0.23204615,0.248034838
0.273438198,0.472299738,3.621744048,0.001757697,2.78016743,0.270503363,0.470855207,985939,3.633138444,985939,11,mix,240609,985939,2.792752615,421779,179880,175632,208648,0.427794214,0.182445364,0.178136781,0.21162364
0.45079206,0.493699619,2.301170015,0.000875643,2.141157957,0.449312227,0.491603027,11555698,2.283675423,11555698,12,mix,240609,11555698,2.148976239,2224381,3170901,3022179,3138237,0.192492137,0.274401512,0.261531497,0.271574854
0.443308673,0.494803741,2.365794104,0.000994772,2.167547175,0.44103153,0.493244105,1325605,2.359733152,1325605,13,mix,240609,1325605,2.17772367,248774,386866,346108,343857,0.187668272,0.291841084,0.261094368,0.259396276
0.281389875,0.474179507,3.538104408,0.000650866,2.7501725,0.279484038,0.474237122,2188262,3.544022022,2188262,14,mix,240609,2188262,2.749115985,907160,406766,395044,479292,0.414557306,0.18588542,0.180528657,0.219028617
0.275983824,0.473421094,3.610600146,0.001346339,2.770731364,0.273061626,0.472492327,1011711,3.64053924,1011711,15,mix,240609,1011711,2.782612102,430884,183640,179397,217790,0.425896328,0.181514286,0.177320401,0.215268985
0.44826836,0.494057324,2.320556772,0.000788624,2.14958126,0.446279241,0.492244377,10283897,2.308575233,10283897,16,mix,240609,10283897,2.158946448,2006131,2855193,2677225,2745348,0.19507498,0.277637261,0.260331759,0.266955999
0.28742586,0.476375557,3.47715775,0.001074933,2.724748193,0.283595595,0.475089698,2533765,3.504804451,2533765,17,mix,240609,2533765,2.739881569,1022732,481765,466935,562333,0.403641222,0.190137996,0.184285046,0.221935736
0.275530165,0.472946929,3.595312965,0.00097352,2.772239805,0.272854792,0.471896324,1403802,3.612355704,1403802,18,mix,240609,1403802,2.782914625,620348,258347,245529,279578,0.441905625,0.184033788,0.174902871,0.199157716
0.286611998,0.475608863,3.488778624,0.00027082,2.73050199,0.282685438,0.474330896,5969231,3.516875562,5969231,19,mix,240609,5969231,2.745739276,2372640,1175601,1122253,1298737,0.397478335,0.196943459,0.188006294,0.217571912
0.24124786,0.463576376,3.98078116,0.00024893,2.902035766,0.237990184,0.461967061,6975146,3.997473397,6975146,20,mix,240609,6975146,2.915792283,2087208,1558060,1608642,1721236,0.299235027,0.223373102,0.23062485,0.246767021
0.275824654,0.47314994,3.606666266,0.001170964,2.771694067,0.272690206,0.471856603,1741715,3.623727649,1741715,21,mix,240609,1741715,2.784528024,781993,316882,300000,342840,0.448978736,0.181936769,0.172244024,0.19684047
0.281670498,0.473766933,3.52045977,0.000612337,2.750570441,0.278054218,0.472500797,2484159,3.541889351,2484159,22,mix,240609,2484159,2.764486082,1039157,462007,446423,536572,0.418313401,0.185981252,0.179707901,0.215997446
0.281553362,0.476001325,3.573918581,0.001184341,2.741194768,0.278842207,0.47524496,1253972,3.600973431,1253972,23,mix,240609,1253972,2.751891977,531583,226473,223046,272870,0.423919354,0.180604511,0.177871595,0.21760454
0.446843944,0.494129417,2.327881705,0.000800403,2.154155066,0.444622349,0.492075938,7259628,2.315698441,7259628,24,mix,240609,7259628,2.164592741,1362719,2024547,1898775,1973587,0.18771196,0.278877513,0.261552658,0.271857869
0.289197153,0.476323194,3.464646558,0.000499557,2.72034158,0.285626667,0.474857513,3597897,3.479320845,3597897,25,mix,240609,3597897,2.734688432,1474258,696496,662826,764317,0.409755477,0.193584197,0.184225952,0.212434375
0.238245959,0.462237589,4.004347132,0.00042537,2.914840639,0.235383547,0.4610267,3801006,4.026062185,3801006,26,mix,240609,3801006,2.926669312,1179180,858232,871900,891694,0.310228397,0.225790751,0.229386641,0.23459421
0.239686807,0.462926819,4.005312078,0.000346472,2.90954851,0.236397763,0.46137707,4910060,4.023659801,4910060,27,mix,240609,4910060,2.923119769,1492894,1110568,1129721,1176877,0.304048016,0.226182165,0.230082932,0.239686888
0.244360726,0.464218329,3.923294377,0.000206428,2.889909932,0.240983215,0.462670204,11100768,3.946775455,11100768,28,mix,240609,11100768,2.904102238,3249355,2520656,2569983,2760774,0.292714432,0.227070415,0.231513982,0.248701171
0.245506072,0.464474164,3.905387603,0.000465006,2.88578386,0.242277226,0.463021028,5387116,3.926401159,5387116,29,mix,240609,5387116,2.899058059,1624930,1217321,1242037,1302828,0.301632636,0.22596896,0.230556944,0.24184146
0.23828431,0.462223693,3.988643919,0.000609915,2.91306641,0.235340547,0.460783602,3406359,4.007492842,3406359,30,mix,240609,3406359,2.925687063,1052706,756319,783848,813486,0.309041413,0.2220315,0.23011315,0.238813936
0.24216586,0.465024439,3.976309541,0.000530928,2.888230016,0.238167153,0.461879988,2183393,3.997717916,2183393,31,mix,240609,2183393,2.915315961,680109,482666,501346,519272,0.311491793,0.221062356,0.229617847,0.237828004
0.44638702,0.494813727,2.342507729,0.000707581,2.155742917,0.443330697,0.493225981,3949678,2.339402419,3949678,32,mix,240609,3949678,2.168460311,747883,1159919,1035161,1006715,0.189352904,0.29367432,0.262087441,0.254885335
0.449269648,0.494590188,2.321278926,0.001115101,2.145773135,0.446215137,0.493311485,1684381,2.320954993,1684381,33,mix,240609,1684381,2.157762264,334977,502206,436935,410263,0.198872464,0.298154634,0.2594039,0.243569003
0.446972438,0.494279809,2.333091727,0.000695891,2.154552662,0.444554467,0.492640943,6956619,2.324584859,6956619,34,mix,240609,6956619,2.165090001,1351907,1995204,1811055,1798453,0.194333914,0.286806565,0.260335516,0.258524004
0.274263979,0.472785245,3.605639774,0.001318931,2.776045522,0.271372567,0.472154027,1036723,3.638269603,1036723,35,mix,240609,1036723,2.786370959,446531,188277,183469,218446,0.430713894,0.181607816,0.176970126,0.210708164
0.245595046,0.465113589,3.940128523,0.000347998,2.885401761,0.242137997,0.463858114,4706612,3.979313686,4706612,36,mix,240609,4706612,2.899424854,1397907,1077145,1089774,1141786,0.297009186,0.228857828,0.231541075,0.242591911
0.447580813,0.494422208,2.337263863,0.000675777,2.152689512,0.444087379,0.492844492,2277108,2.337407112,2277108,37,mix,240609,2277108,2.167436422,427055,665577,597925,586551,0.187542708,0.292290484,0.26258087,0.257585938
0.274603285,0.472559268,3.590510665,0.00135353,2.774540587,0.271198583,0.471295211,1220277,3.616316204,1220277,38,mix,240609,1220277,2.788167033,535081,221046,213429,250721,0.438491424,0.181144117,0.174902092,0.205462366
0.275599668,0.473825064,3.608544691,0.002528676,2.763948222,0.272471143,0.472434767,572101,3.61458586,572101,39,mix,240609,572101,2.776305088,261894,104116,97935,108156,0.457775812,0.181988845,0.171184808,0.189050535
0.241702565,0.463680018,3.973717618,0.000619584,2.900785225,0.239309759,0.464446451,2696085,4.017873,2696085,40,mix,240609,2696085,2.899581194,808439,598619,623734,665293,0.299856644,0.222032688,0.231348047,0.246762621
0.284217414,0.474652924,3.495431509,0.00093018,2.739311236,0.281139396,0.473734992,1348795,3.530035805,1348795,41,mix,240609,1348795,2.752136076,584302,254476,239679,270338,0.43320297,0.188669145,0.177698612,0.200429272
0.449922331,0.493943536,2.312265116,0.001435056,2.144464048,0.446661231,0.493127473,894848,2.321989959,894848,42,mix,240609,894848,2.157036965,189513,266241,228037,211057,0.211782336,0.297526507,0.254833223,0.235857933
0.297136517,0.475208652,3.298112985,0.001616018,2.694424358,0.292369597,0.473920167,866343,3.335507582,866343,43,mix,240609,866343,2.712636434,364300,167982,157589,176472,0.420503196,0.193897798,0.181901395,0.203697612
0.236876685,0.462153293,4.038745465,0.000685743,2.920271728,0.233818511,0.461218815,2458297,4.076513908,2458297,44,mix,240609,2458297,2.932129747,764860,544731,565113,583593,0.31113409,0.221588767,0.229879872,0.237397271
0.286568047,0.474961147,3.462048599,0.001312998,2.731146564,0.282900697,0.473609901,831391,3.489298441,831391,45,mix,240609,831391,2.745951188,358423,156454,147332,169182,0.431112437,0.188183418,0.177211444,0.203492701
0.447187779,0.494998527,2.344482462,0.000601854,2.153289874,0.444279361,0.493287089,4360875,2.33749529,4360875,46,mix,240609,4360875,2.165414861,834212,1279470,1138976,1108217,0.191294637,0.293397541,0.261180612,0.254127211
0.286723493,0.476046526,3.500352651,0.000448796,2.729891552,0.28317963,0.474855791,3490259,3.527086814,3490259,47,mix,240609,3490259,2.74391956,1436772,678737,643966,730784,0.411651972,0.194466084,0.184503786,0.209378158
0.449542212,0.493555713,2.307770658,0.00080478,2.145807264,0.447543266,0.491560568,8506448,2.293760989,8506448,48,mix,240609,8506448,2.155343645,1680203,2336017,2210680,2279548,0.197521104,0.274617208,0.259882856,0.267978832
0.27789149,0.473635031,3.576728494,0.001097767,2.763096514,0.274862418,0.472104039,1487045,3.585029531,1487045,49,mix,240609,1487045,2.775878906,665097,273985,258090,289873,0.447260843,0.184247955,0.173558971,0.194932231
0.443721025,0.494222475,2.346869815,0.000752023,2.165132422,0.441210907,0.492375945,9290929,2.339022274,9290929,50,mix,240609,9290929,2.176575042,1786222,2584823,2422639,2497245,0.192254402,0.278209316,0.26075315,0.268783132
0.245547334,0.464360331,3.907969854,0.000256366,2.88639399,0.241931263,0.463106742,6791592,3.952378996,6791592,51,mix,240609,6791592,2.901057936,1946651,1540688,1584188,1720065,0.286626611,0.226852261,0.233257239,0.253263889
0.280631902,0.472302095,3.475484273,0.002776658,2.753478256,0.278607624,0.472872608,488319,3.499751515,488319,52,mix,240609,488319,2.752947348,207005,89819,86704,104791,0.423913466,0.183935092,0.177556065,0.214595377
0.452006937,0.493598658,2.292948841,0.000961883,2.137027935,0.450142819,0.491599124,8720782,2.27852134,8720782,53,mix,240609,8720782,2.145990996,1674942,2400989,2286125,2358726,0.192063281,0.275318085,0.262146789,0.270471845
0.27878185,0.474646858,3.564662327,0.001646886,2.751899861,0.27557119,0.473500207,940877,3.579569468,940877,54,mix,240609,940877,2.764248878,425093,172443,162003,181338,0.451805071,0.183279005,0.172182974,0.19273295
0.27606035,0.472828614,3.569558493,0.001505666,2.768793269,0.272478943,0.471751497,953942,3.599392993,953942,55,mix,240609,953942,2.78258142,411808,175079,169443,197612,0.431690816,0.183532122,0.177624006,0.207153055
0.450476845,0.494277392,2.311369949,0.000843208,2.141542382,0.448719882,0.492055637,5348406,2.294266418,5348406,56,mix,240609,5348406,2.150645744,954370,1495937,1418127,1479972,0.178440081,0.279697727,0.265149467,0.276712725
0.235306343,0.461874085,4.041115848,0.005427622,2.92406609,0.232429701,0.461688047,353968,4.085283929,353968,57,mix,240609,353968,2.932497044,115818,78130,80373,79647,0.327199069,0.220726167,0.227062898,0.225011865
0.288119146,0.477322328,3.484244607,0.001093219,2.715276622,0.284603288,0.476166082,1790804,3.513530928,1790804,58,mix,240609,1790804,2.729290305,722731,352636,334627,380810,0.403579063,0.196914905,0.186858528,0.212647504
0.285407026,0.476069296,3.519964264,0.000297025,2.733621512,0.281621362,0.47478862,4531728,3.546605371,4531728,59,mix,240609,4531728,2.748360154,1819444,866093,841042,1005149,0.401490116,0.191117605,0.185589691,0.221802588
0.45354876,0.494663208,2.314296313,0.002717511,2.133642376,0.450264633,0.493297061,528003,2.319109091,528003,60,mix,240609,528003,2.147224792,105788,156893,136003,129319,0.200354922,0.297144145,0.257579976,0.244920957
0.448630708,0.494268605,2.318530188,0.001137973,2.147751042,0.445623334,0.4928924,2161999,2.319261328,2161999,61,mix,240609,2161999,2.160213302,424291,635582,561952,540174,0.196249397,0.293978859,0.259922414,0.249849329
0.446530396,0.494936665,2.346185497,0.00153497,2.155061574,0.444424035,0.493526604,669057,2.344362483,669057,62,mix,240609,669057,2.165032114,135590,200415,173387,159665,0.202658368,0.299548469,0.259151313,0.23864185
0.449662226,0.494657769,2.319393225,0.000814446,2.143705513,0.447373166,0.492920349,4757687,2.309375575,4757687,63,mix,240609,4757687,2.153798118,886514,1392426,1255912,1222835,0.186332981,0.292668685,0.263975331,0.257023003
0.288691522,0.475857898,3.456796984,0.000702819,2.722582887,0.284961018,0.474300863,2293519,3.47270501,2293519,64,mix,240609,2293519,2.737605507,934220,438398,423322,497579,0.407330395,0.191146444,0.184573138,0.216950023
0.442363603,0.494242319,2.361372336,0.000568965,2.170403415,0.43946494,0.492878848,3268859,2.361022207,3268859,65,mix,240609,3268859,2.182442678,636485,975913,854541,801920,0.194711672,0.298548515,0.26141874,0.245321074
0.262600116,0.469394368,3.728730363,0.000776264,2.821229985,0.259894328,0.468068757,1428210,3.73929935,1428210,66,mix,240609,1428210,2.832689829,581677,285599,275204,285730,0.407276941,0.199969892,0.192691551,0.200061616
0.241208716,0.463183219,3.974534333,0.000309022,2.903400003,0.237829528,0.461698243,6579874,3.99788104,6579874,67,mix,240609,6579874,2.916980112,1988138,1512602,1518368,1560766,0.302154418,0.229883125,0.230759434,0.237203022
0.445572776,0.493475212,2.327085292,0.001896022,2.158666312,0.441850649,0.491838381,650842,2.323762843,650842,68,mix,240609,650842,2.173309189,131322,195286,168951,155283,0.201772473,0.300051318,0.259588349,0.23858786
0.237974682,0.463075841,3.98394866,0.010254542,2.905246727,0.235390446,0.463107103,210126,3.982442965,210126,69,mix,240609,210126,2.904381575,68266,46440,48077,47343,0.324881262,0.221010251,0.228800815,0.225307673
0.240821625,0.463186787,3.967551708,0.000757842,2.903564833,0.237487886,0.461674937,3326876,3.995476433,3326876,70,mix,240609,3326876,2.917775952,990152,768813,769662,798249,0.297622154,0.231091571,0.231346765,0.239939511
0.327488442,0.476695306,2.953470335,0.001129096,2.588223179,0.324757795,0.475475343,3492492,2.959230241,3492492,71,mix,240609,3492492,2.599593376,880284,884399,850505,877304,0.252050398,0.25322864,0.243523822,0.251197139
0.448783193,0.494689179,2.327712899,0.000783633,2.147412186,0.446329645,0.492862683,5412994,2.317169822,5412994,72,mix,240609,5412994,2.15823397,1020746,1546778,1419483,1425987,0.188573274,0.285752765,0.262236204,0.263437757
0.449287656,0.494231525,2.315267983,0.000895172,2.145606308,0.44702494,0.492445317,5668344,2.307057564,5668344,73,mix,240609,5668344,2.155986086,1066284,1604628,1490513,1506919,0.188112084,0.283085854,0.262953872,0.265848191
0.45071282,0.49440596,2.312031298,0.000872811,2.140908213,0.448552536,0.492748506,8963163,2.305501351,8963163,74,mix,240609,8963163,2.151088547,1772047,2543700,2331656,2315760,0.197703311,0.283794906,0.260137632,0.258364151
0.275734555,0.47262335,3.583655111,0.00174626,2.771650191,0.272699682,0.471449243,747288,3.609556146,747288,75,mix,240609,747288,2.78428453,332277,136061,128980,149970,0.444643832,0.182073043,0.172597446,0.200685679
0.283760527,0.47507697,3.528583363,0.00172827,2.741923265,0.280172558,0.474149416,1019220,3.561409591,1019220,76,mix,240609,1019220,2.755453478,431668,189172,183822,214558,0.423527796,0.185604678,0.180355566,0.21051196
0.246649329,0.464839958,3.897910209,0.000278029,2.881323548,0.242897935,0.463266547,8193180,3.92945761,8193180,77,mix,240609,8193180,2.896927752,2273218,1885232,1930123,2104607,0.277452467,0.230097715,0.235576785,0.256873033
0.241570133,0.463369141,3.956670495,0.000457738,2.900574398,0.238108645,0.461801018,4618536,3.97908384,4618536,78,mix,240609,4618536,2.914876086,1396547,1040974,1067350,1113665,0.302378719,0.22539047,0.231101371,0.24112944
0.449127525,0.494332898,2.322240293,0.000748951,2.146855458,0.446761314,0.492472931,4256926,2.31021727,4256926,79,mix,240609,4256926,2.157324376,778388,1216011,1128346,1134181,0.182852133,0.285654719,0.26506122,0.266431928
0.446585561,0.49479464,2.330912892,0.002541008,2.152716522,0.442977469,0.49374737,541285,2.338419042,541285,80,mix,240609,541285,2.166253617,104421,160232,141627,135005,0.19291316,0.296021504,0.261649593,0.249415742
0.447285599,0.494078699,2.327409915,0.000746416,2.152779749,0.444829143,0.492395207,4358083,2.318102216,4358083,81,mix,240609,4358083,2.163284602,797476,1260721,1157136,1142750,0.182987795,0.289283384,0.265514906,0.262213914
0.236644052,0.462413129,4.06398515,0.001548336,2.920828062,0.234193516,0.461155201,948133,4.078354741,948133,82,mix,240609,948133,2.931515815,314478,213258,214060,206337,0.331681315,0.22492414,0.225770013,0.217624532
0.449380335,0.494104375,2.317005121,0.000949213,2.146124802,0.446166177,0.492664009,2600034,2.314989997,2600034,83,mix,240609,2600034,2.159099869,525013,777698,674373,622950,0.201925436,0.299110704,0.259370839,0.239593021
0.448435167,0.494023516,2.31926434,0.000863093,2.149249427,0.446248739,0.492090229,5543257,2.308448974,5543257,84,mix,240609,5543257,2.159605778,1053440,1561934,1452329,1475554,0.190039899,0.28177189,0.261999218,0.266188993
0.235665075,0.462099011,4.056336364,0.001852856,2.922870961,0.232286544,0.46123619,1016493,4.0973229,1016493,85,mix,240609,1016493,2.935000251,336703,228443,229910,221437,0.331239861,0.224736422,0.22617962,0.217844097
0.235382473,0.464390267,4.116402145,0.004199516,2.912847794,0.232279235,0.463075516,486755,4.122249624,486755,86,mix,240609,486755,2.924353135,165130,109298,108767,103560,0.339246644,0.224544175,0.223453277,0.212755904
0.282606034,0.473985619,3.51227079,0.000667163,2.746924757,0.279685742,0.472987341,2334647,3.535924054,2334647,87,mix,240609,2334647,2.758702649,1052515,433641,403269,445222,0.450824043,0.18574157,0.172732323,0.190702063
0.248083942,0.464224964,3.844570696,0.000429276,2.877696873,0.245370237,0.46289474,3745942,3.858833753,3745942,88,mix,240609,3745942,2.889220271,1117598,853128,871023,904193,0.298348987,0.227747253,0.232524422,0.241379338
0.292459049,0.477544114,3.444959569,0.000549776,2.707416081,0.288708995,0.476036528,3677940,3.462692434,3677940,89,mix,240609,3677940,2.722398106,1441144,717651,694087,825058,0.39183456,0.195123085,0.188716238,0.224326117
0.282276464,0.474642457,3.53839905,0.000447389,2.747218717,0.278791779,0.473441575,2717111,3.566347978,2717111,90,mix,240609,2717111,2.761226403,1186156,515700,483596,531659,0.436550439,0.189797178,0.177981687,0.195670696
0.281496294,0.474169887,3.52766077,0.000567281,2.749300585,0.278596348,0.473213538,2900718,3.55271785,2900718,91,mix,240609,2900718,2.76119126,1267933,542603,513216,576966,0.437110053,0.18705817,0.17692723,0.198904547
0.446467529,0.494240095,2.334771912,0.000771121,2.156043338,0.443714215,0.492637894,4124830,2.326970861,4124830,92,mix,240609,4124830,2.167349019,781535,1187895,1086125,1069275,0.189470839,0.287986414,0.263313882,0.259228865
0.440073665,0.494499447,2.369522914,0.001051468,2.177150861,0.437552989,0.492733353,2165561,2.359232393,2165561,93,mix,240609,2165561,2.188103552,419481,640378,569387,536315,0.193705465,0.29570998,0.262928174,0.247656381
0.23261588,0.461468209,4.123532429,0.008918324,2.934679479,0.229358327,0.46077515,181268,4.194855652,181268,94,mix,240609,181268,2.948227329,58965,40705,41289,40309,0.325291833,0.22455701,0.227778759,0.222372399
0.237082231,0.46207346,3.973825606,0.008401395,2.908987567,0.233854742,0.459991264,179746,3.939325912,179746,95,mix,240609,179746,2.921573942,60731,40180,40470,38365,0.337871218,0.223537659,0.225151046,0.213440077
0.283996341,0.474073949,3.48455759,0.000929902,2.741512561,0.281797943,0.474610353,1799993,3.505981944,1799993,96,mix,240609,1799993,2.740629165,756723,342476,327590,373204,0.420403302,0.190265184,0.181995152,0.207336362
0.444930429,0.494349216,2.34335767,0.000962075,2.160789973,0.442281594,0.492901592,1886799,2.340079524,1886799,97,mix,240609,1886799,2.172044385,359038,562594,498656,466511,0.19028948,0.298173785,0.264286763,0.247249972
0.447747555,0.494699488,2.332295376,0.000700621,2.150900457,0.445306808,0.492980164,9935290,2.323392809,9935290,98,mix,240609,9935290,2.161620002,1906293,2904983,2606160,2517854,0.191870897,0.292390358,0.26231343,0.253425315
0.448881341,0.49542578,2.335584128,0.001018661,2.14603127,0.445969428,0.494106106,1096414,2.335794197,1096414,99,mix,240609,1096414,2.157977378,217299,326267,284780,268068,0.198190647,0.297576463,0.259737654,0.244495236
0.237964019,0.462196785,3.982052555,0.009999426,2.914661848,0.235673213,0.461721427,199969,4.038480151,199969,100,mix,240609,199969,2.924908361,65309,44589,45918,44153,0.326595622,0.222979562,0.229625592,0.220799224
0.338769717,0.481355781,2.939667147,0.000775661,2.544468152,0.332739579,0.479581679,2468017,2.963742003,2468017,101,mix,240609,2468017,2.567285168,821780,550734,521447,574056,0.332971775,0.223148382,0.21128177,0.232598074
0.44773551,0.494363034,2.330032292,0.000888535,2.151242576,0.445155079,0.492577193,2620514,2.320635615,2620514,102,mix,240609,2620514,2.162561141,497606,764556,690876,667476,0.189888701,0.291758029,0.263641408,0.254711862
0.43964156,0.493273391,2.364199782,0.001005204,2.181323027,0.437408897,0.492098582,1200305,2.365320551,1200305,103,mix,240609,1200305,2.190962328,231150,351299,315607,302249,0.192576054,0.292674778,0.262939003,0.251810165
0.289698097,0.476684911,3.472679596,0.000336598,2.718604437,0.286340385,0.47557214,5855574,3.496875529,5855574,104,mix,240609,5855574,2.731922153,2408299,1157003,1083386,1206886,0.411283164,0.197590023,0.185017899,0.206108914
0.237414706,0.461914995,3.996720297,0.0007083,2.916605949,0.23496287,0.460729759,2730680,4.011611142,2730680,105,mix,240609,2730680,2.926884122,905934,621927,617628,585191,0.33176132,0.227755358,0.226181025,0.214302298
0.250815183,0.465213092,3.812035423,0.000509936,2.866365315,0.247237114,0.463768911,4932141,3.840036016,4932141,106,mix,240609,4932141,2.880736599,1494350,1134314,1147045,1156432,0.302982011,0.229984098,0.23256533,0.23446856
0.279309983,0.473058155,3.54309,0.001437754,2.759884438,0.276973434,0.472011615,1084313,3.552858695,1084313,107,mix,240609,1084313,2.769977981,479990,200510,190581,213232,0.442667385,0.18491893,0.17576198,0.196651705
0.253247342,0.465939505,3.790706269,0.000366427,2.857500719,0.249799375,0.464542732,7950989,3.815662694,7950989,108,mix,240609,7950989,2.871589923,2280926,1839685,1858109,1972269,0.286873243,0.231378134,0.23369533,0.248053292
0.28774316,0.476014491,3.479130437,0.000373209,2.726347328,0.283818242,0.47459943,4296415,3.5066793,4296415,109,mix,240609,4296415,2.742195658,1750578,839488,801075,905274,0.407450863,0.19539267,0.186451961,0.210704506
0.448716124,0.494345705,2.321376127,0.000804626,2.147383248,0.446305348,0.49287195,4127422,2.314645791,4127422,110,mix,240609,4127422,2.157460948,825142,1213153,1073680,1015447,0.199917043,0.293925118,0.260133323,0.246024516
0.241354125,0.463561053,3.97037423,0.000393212,2.901349531,0.238001721,0.462262468,6210893,4.001191919,6210893,111,mix,240609,6210893,2.914800409,1847881,1426863,1439508,1496641,0.297522595,0.229735563,0.231771502,0.24097034
0.239691564,0.46547929,4.069843908,0.004244058,2.897929977,0.2374858,0.462266675,378954,4.036835097,378954,112,mix,240609,378954,2.919588035,125175,85296,85828,82655,0.330317136,0.225082728,0.226486592,0.218113544
0.442250296,0.493930655,2.357313015,0.000587627,2.171402825,0.4395078,0.492730814,3696811,2.358904239,3696811,113,mix,240609,3696811,2.182733998,767770,1108071,954414,866556,0.207684407,0.29973699,0.258172246,0.234406357
0.238976772,0.4640458,4.004886174,0.002222862,2.899350835,0.236346503,0.462553004,685388,4.019700998,685388,114,mix,240609,685388,2.911334426,214565,151867,157777,161179,0.313056254,0.221578143,0.230200996,0.235164607
0.236291246,0.464895982,4.10128911,0.004562953,2.906937515,0.23358307,0.463623265,338169,4.140192432,338169,115,mix,240609,338169,2.9197421,111677,75539,77232,73721,0.330240205,0.223376477,0.22838285,0.218000467
0.24501631,0.46305817,3.876409369,0.004455933,2.891155257,0.240863999,0.461963603,372696,3.918677251,372696,116,mix,240609,372696,2.905759237,114230,84123,85899,88444,0.306496448,0.225714792,0.23048007,0.237308691
0.439816751,0.49342861,2.363333201,0.000597421,2.180404587,0.436905307,0.491873689,4873037,2.360688653,4873037,117,mix,240609,4873037,2.192728854,963576,1416348,1271962,1221151,0.197736237,0.290649958,0.261020386,0.250593418
0.447878804,0.494756573,2.338305384,0.000562735,2.150960944,0.445186293,0.493264267,3518281,2.334740591,3518281,118,mix,240609,3518281,2.162310994,696843,1048764,918315,854359,0.198063486,0.298089891,0.261012409,0.242834214
0.277670958,0.473602979,3.59152474,0.001244471,2.764877904,0.274796928,0.472199252,1451134,3.598296471,1451134,119,mix,240609,1451134,2.776854631,640776,271098,255699,283561,0.441569145,0.186818033,0.176206332,0.195406489
0.449644408,0.493807982,2.314695338,0.000704861,2.145822795,0.447014346,0.492046805,3431103,2.307731994,3431103,120,mix,240609,3431103,2.157375887,609616,997131,915258,909098,0.177673477,0.290615292,0.266753286,0.264957945
0.237821649,0.462566842,4.028782501,0.000282733,2.915653573,0.234980326,0.461231631,4465114,4.04839201,4465114,121,mix,240609,4465114,2.927613056,1415233,1018043,1025347,1006491,0.316953386,0.22799933,0.229635122,0.225412162
0.244513368,0.463741419,3.910782576,0.000320436,2.890717047,0.240802152,0.46239627,6092169,3.948560527,6092169,122,mix,240609,6092169,2.905702918,1788484,1400986,1422146,1480553,0.293570976,0.229965058,0.23343837,0.243025596
0.238076673,0.46260783,4.012425495,0.000737029,2.913719438,0.235274249,0.461133594,2460002,4.018256895,2460002,123,mix,240609,2460002,2.925332434,796208,557732,563408,542654,0.323661525,0.226720141,0.229027456,0.220590878
0.239219991,0.462438231,3.973143454,0.000463374,2.910177872,0.23672366,0.46094277,4366570,3.979149252,4366570,124,mix,240609,4366570,2.921399909,1399458,998077,994177,974858,0.32049366,0.228572312,0.227679162,0.223254866
0.447407818,0.494077328,2.322945331,0.000996537,2.152412514,0.445129511,0.492301272,6129848,2.311465837,6129848,125,mix,240609,6129848,2.162380447,1153839,1767132,1621742,1587135,0.188232889,0.288283168,0.264564798,0.258919144
0.452765242,0.494105585,2.299060924,0.00082196,2.134215985,0.451093701,0.492212925,5867195,2.28354031,5867195,126,mix,240609,5867195,2.142250607,1081706,1658463,1559914,1567112,0.184365101,0.282667101,0.265870488,0.26709731
0.451064071,0.494062378,2.305926944,0.000781318,2.139965828,0.449223018,0.49216588,8031742,2.292897633,8031742,127,mix,240609,8031742,2.148897799,1503179,2311031,2130535,2086997,0.187154792,0.287737206,0.265264372,0.25984363
0.243242937,0.464459498,3.967485125,0.000223771,2.894259705,0.239727462,0.463041165,10334056,3.996875728,10334056,128,mix,240609,10334056,2.908351839,3045338,2435881,2401736,2451101,0.29468952,0.235713935,0.232409811,0.237186735
0.444075876,0.494295049,2.350357017,0.000667583,2.164371075,0.441278019,0.492517769,3313880,2.341588861,3313880,129,mix,240609,3313880,2.176416384,648424,972268,871264,821924,0.195669125,0.293392639,0.262913564,0.248024672
0.301186764,0.477381124,3.305283429,0.000754571,2.678268268,0.296801285,0.476321295,2377215,3.345003419,2377215,130,mix,240609,2377215,2.695305422,934679,480296,456454,505786,0.393182358,0.202041464,0.192012081,0.212764096
0.278298613,0.473626764,3.571904006,0.00145548,2.762209583,0.275294689,0.471974756,901804,3.579661215,901804,131,mix,240609,901804,2.775623246,398352,167113,158898,177441,0.441727914,0.185309668,0.17620015,0.196762268
0.237878907,0.462795961,4.037195643,0.001979732,2.914920461,0.235431289,0.461382954,947253,4.042318722,947253,132,mix,240609,947253,2.92569613,302259,212636,217392,214966,0.319090042,0.22447646,0.229497294,0.226936204
0.272496449,0.473153635,3.619837596,0.001239974,2.773749543,0.269914226,0.4723686,1015629,3.654560831,1015629,133,mix,240609,1015629,2.784835746,469683,187554,172871,185521,0.462455286,0.184667827,0.170210776,0.182666111
0.283102707,0.475547414,3.546444884,0.000374451,2.742343138,0.279842795,0.474419644,2947269,3.567204051,2947269,134,mix,240609,2947269,2.754862841,1299052,565659,521188,561370,0.440764654,0.191926492,0.176837608,0.190471246
0.445908221,0.494515583,2.335388027,0.001122494,2.156547432,0.442871676,0.493096502,2743657,2.335855058,2743657,135,mix,240609,2743657,2.16919404,515200,818800,730912,678745,0.187778574,0.298433806,0.266400647,0.247386973
0.279704465,0.47450399,3.573364381,0.000795226,2.75578874,0.276800244,0.473566998,1700879,3.593307987,1700879,136,mix,240609,1700879,2.766824503,753464,322607,298973,325835,0.442985068,0.189670753,0.175775584,0.191568595
0.445247182,0.494318384,2.344012463,0.000653875,2.160752476,0.442414104,0.492466416,4928739,2.335032134,4928739,137,mix,240609,4928739,2.172893072,932383,1414520,1299492,1282344,0.189172728,0.2869943,0.263656079,0.260176893
0.268974871,0.470990071,3.684775235,0.003528651,2.799135894,0.267342061,0.470946119,559871,3.676200438,559871,138,mix,240609,559871,2.796171209,263184,101726,94181,100780,0.470079715,0.181695426,0.168219108,0.180005751
0.283627793,0.475302726,3.520500707,0.000522792,2.740109606,0.280345572,0.473915336,2979453,3.532685886,2979453,139,mix,240609,2979453,2.753119487,1273583,577050,539653,589167,0.427455308,0.19367649,0.181124857,0.197743344
0.288572198,0.476528193,3.485825933,0.000280059,2.722809572,0.284998265,0.475408039,3489833,3.517647884,3489833,140,mix,240609,3489833,2.73730671,1465904,687940,641009,694980,0.420049899,0.197126911,0.18367899,0.1991442
0.265543434,0.470083805,3.672786119,0.001919557,2.808620666,0.263289013,0.468620493,642870,3.671704873,642870,141,mix,240609,642870,2.81896782,297234,117769,109831,118036,0.462354753,0.183192558,0.170844805,0.183607883
0.448689957,0.49435394,2.321789137,0.000764069,2.147615724,0.446313804,0.49267997,6334320,2.31466179,6334320,142,mix,240609,6334320,2.158190641,1214925,1877919,1678923,1562553,0.191800383,0.29646734,0.265051813,0.246680465
0.248912865,0.465502116,3.876564434,0.000252377,2.873413949,0.245120068,0.464193208,9740159,3.918256272,9740159,143,mix,240609,9740159,2.888767227,2774207,2300417,2286195,2379340,0.284821531,0.236178588,0.234718448,0.244281433
0.28400466,0.474048187,3.487908228,0.001539282,2.741687112,0.281217471,0.473394119,1181438,3.521959111,1181438,144,mix,240609,1181438,2.752404846,506684,221675,212294,240785,0.42887058,0.187631513,0.17969119,0.203806717
0.233971645,0.46476878,4.160233647,0.004668367,2.915267913,0.232214967,0.464088279,395162,4.181816584,395162,145,mix,240609,395162,2.922976687,133694,89970,88806,82692,0.338327066,0.227678775,0.224733147,0.209261012
0.448875497,0.494370547,2.324787293,0.000737846,2.147752091,0.446356061,0.492924235,2701211,2.319480354,2701211,146,mix,240609,2701211,2.158248298,544642,814201,705302,637066,0.201628825,0.301420733,0.261105852,0.23584459
0.246557289,0.46582499,3.909059351,0.006501038,2.87843546,0.243790382,0.464283745,255073,3.926842872,255073,147,mix,240609,255073,2.890855971,85020,59039,57507,53507,0.333316345,0.231459229,0.225453106,0.20977132
0.442837505,0.494553083,2.353457007,0.001205493,2.167193848,0.44021829,0.493329177,1994407,2.3527514,1994407,148,mix,240609,1994407,2.178102047,412737,610988,517995,452687,0.206947228,0.30635071,0.259723818,0.226978245
0.247347894,0.464060089,3.856511201,0.001592962,2.88099805,0.24330056,0.462548275,1156887,3.882954952,1156887,149,mix,240609,1156887,2.896499152,343218,266130,270803,276736,0.296673746,0.230039753,0.234079041,0.239207459
0.448243386,0.49398179,2.328162022,0.000606775,2.151113214,0.445317175,0.4925953,3066926,2.325741145,3066926,150,mix,240609,3066926,2.1630201,608198,915592,804067,739069,0.198308665,0.298537363,0.26217359,0.240980382
0.240530229,0.462845364,3.963968667,0.000473686,2.905232356,0.237389758,0.461676457,4788069,3.998605949,4788069,151,mix,240609,4788069,2.918316805,1474323,1111596,1105778,1096372,0.307915989,0.232159562,0.230944458,0.228979992
0.443898959,0.492432957,2.328434265,0.006609562,2.169179354,0.444825351,0.488373755,111530,2.24613575,111530,152,mix,240609,111530,2.171172402,21134,33350,29601,27445,0.189491617,0.299022684,0.26540841,0.246077289
0.285371909,0.475807033,3.515486342,0.000856638,2.734402523,0.281978046,0.474568622,1704746,3.537088449,1704746,153,mix,240609,1704746,2.747468094,733526,324702,308686,337832,0.430284629,0.190469431,0.181074483,0.198171458
0.448841042,0.494458324,2.319704426,0.000965868,2.146900723,0.446365029,0.492590339,5526197,2.30917021,5526197,154,mix,240609,5526197,2.157916371,1022368,1599137,1472096,1432596,0.185003901,0.289373868,0.266385002,0.25923723
0.278623646,0.474260239,3.581791741,0.00182053,2.759420632,0.275261124,0.472619636,881318,3.588438035,881318,155,mix,240609,881318,2.773071572,388739,165215,155920,171444,0.441088234,0.187463549,0.176916845,0.194531372
0.280784461,0.474648719,3.566175157,0.000483111,2.751777728,0.277467947,0.473655325,2921027,3.593767571,2921027,156,mix,240609,2921027,2.764681792,1253372,568770,531481,567404,0.429086071,0.194715763,0.181950047,0.194248119
0.278561219,0.47388879,3.572195739,0.000722099,2.760351013,0.275758972,0.472636424,2270754,3.584468422,2270754,157,mix,240609,2270754,2.771922755,1041445,431144,392187,405978,0.458634004,0.189868211,0.172712236,0.178785549
0.448543041,0.494054184,2.320421998,0.000664866,2.148829077,0.446483514,0.492149412,12028682,2.307681975,12028682,158,mix,240609,12028682,2.158443982,2373709,3434714,3156475,3063784,0.197337414,0.28554367,0.262412374,0.254706542
0.239136527,0.462609053,3.99109935,0.000334014,2.910672081,0.236261479,0.461339729,6197692,4.015820852,6197692,159,mix,240609,6197692,2.922809628,1974540,1450907,1415773,1356472,0.318592792,0.234104405,0.228435521,0.218867282
0.450478536,0.493806483,2.306254686,0.000889979,2.142764577,0.448164373,0.491829442,4160591,2.293685759,4160591,160,mix,240609,4160591,2.153384981,713194,1203011,1127720,1116666,0.171416513,0.289144259,0.271048031,0.268391197
0.236094479,0.461685708,4.006995151,0.001513827,2.920765457,0.233665322,0.460525774,1141599,4.023254616,1141599,161,mix,240609,1141599,2.931040625,391086,263303,255328,231882,0.342577385,0.230644035,0.22365822,0.20312036
0.235625747,0.463867673,4.057487474,0.002335718,2.910423825,0.234243432,0.463242815,775720,4.065240447,775720,162,mix,240609,775720,2.916392887,265874,178198,173907,157741,0.342744805,0.229719486,0.224187851,0.203347857
0.277734245,0.474462896,3.542717194,0.00274321,2.7516728,0.274216483,0.472560445,590570,3.541266049,590570,163,mix,240609,590570,2.766546254,268681,110543,102616,108730,0.454951996,0.187180182,0.173757556,0.184110266
0.279746415,0.47450332,3.587360618,0.001135502,2.756928951,0.277717352,0.473585117,1048462,3.598077361,1048462,164,mix,240609,1048462,2.765583811,468108,203512,184099,192743,0.446471117,0.19410527,0.175589578,0.183834035
0.284566918,0.471859467,3.425344823,0.003663904,2.742680493,0.280069775,0.470158484,329690,3.448329539,329690,165,mix,240609,329690,2.760415976,143263,64264,59342,62821,0.434538506,0.194922503,0.179993327,0.190545664
0.242241941,0.463673204,3.954778957,0.000361156,2.898259598,0.239617594,0.462496766,5464368,3.977751254,5464368,166,mix,240609,5464368,2.909553139,1802291,1274614,1228229,1159234,0.329826066,0.23325918,0.22477055,0.212144204
0.270754305,0.472566822,3.647728002,0.002803314,2.780260645,0.267626,0.470064898,388114,3.649507767,388114,167,mix,240609,388114,2.802132719,181946,71347,66047,68774,0.468795251,0.183830009,0.170174227,0.177200513
0.291477419,0.476592222,3.436502909,0.001334834,2.712550232,0.288600603,0.475537698,986783,3.452641863,986783,168,mix,240609,986783,2.72398368,443690,185972,173754,183367,0.449632797,0.188462914,0.176081266,0.185823023
0.274249019,0.473328175,3.648436718,0.001743395,2.776848523,0.271178177,0.471777476,733759,3.649956622,733759,169,mix,240609,733759,2.789094646,334632,140157,127731,131239,0.456051646,0.191012308,0.174077592,0.178858454
0.241836572,0.464345432,3.978496731,0.001477451,2.897569129,0.239262449,0.46272174,1184959,3.981646595,1184959,170,mix,240609,1184959,2.909397196,383768,276045,266347,258799,0.323866058,0.232957427,0.224773178,0.218403337
0.450391418,0.494542807,2.32129001,0.000599685,2.142376286,0.448134645,0.492527233,4201876,2.3095829,4201876,171,mix,240609,4201876,2.153006535,772818,1213584,1113042,1102432,0.183922134,0.288819565,0.264891682,0.262366619
0.449834183,0.494659763,2.324578982,0.000644175,2.144090583,0.447619732,0.492789599,4501840,2.314862148,4501840,172,mix,240609,4501840,2.154626741,807910,1303145,1199314,1191471,0.179462175,0.289469417,0.266405292,0.264663116
0.446994918,0.494816134,2.344543624,0.000821657,2.154295378,0.443649983,0.493047597,1391240,2.335666744,1391240,173,mix,240609,1391240,2.167419379,254837,406899,368121,361383,0.183172565,0.292472183,0.264599206,0.259756045
0.445083937,0.494076634,2.342154107,0.002241536,2.162007587,0.44214425,0.492896394,373710,2.346889406,373710,174,mix,240609,373710,2.174832921,70636,109883,97838,95353,0.189012871,0.294032806,0.261801932,0.255152391
0.282358783,0.475071545,3.488250625,0.004653653,2.736462452,0.279167992,0.474361009,541215,3.523727766,541215,175,mix,240609,541215,2.748255264,236135,101972,95986,107122,0.43630535,0.188413108,0.177352808,0.197928734